tiomapconf (1.73.0-git20170905-0rcnee0~bionic+20180104) bionic; urgency=low

  * Rebuild for repos.rcn-ee.com

 -- Robert Nelson <robertcnelson@gmail.com>  Thu, 04 Jan 2018 15:03:40 -0600

tiomapconf (1.73.0-git20170421-1~xenial+20170612) xenial; urgency=low

  * Rebuild for repos.rcn-ee.com

 -- Robert Nelson <robertcnelson@gmail.com>  Mon, 12 Jun 2017 10:06:50 -0500

tiomapconf (1.72.0-git20160414-1~bpo1604+20160414+1) xenial; urgency=low

  * Rebuild for repos.rcn-ee.com

 -- Robert Nelson <robertcnelson@gmail.com>  Thu, 14 Apr 2016 14:33:22 -0500

tiomapconf (1.72.0-git20150828-1~bpo1604+20151023+1) xenial; urgency=low

  * Rebuild for repos.rcn-ee.com

 -- Robert Nelson <robertcnelson@gmail.com>  Fri, 23 Oct 2015 10:08:48 -0500

tiomapconf (1.72.0-git20150828-1~bpo1510+20150828+1) wily; urgency=low

  * Rebuild for repos.rcn-ee.com

 -- Robert Nelson <robertcnelson@gmail.com>  Fri, 28 Aug 2015 09:04:16 -0500

tiomapconf (1.72.0-git20150827-1~bpo1510+20150827+1) wily; urgency=low

  * Rebuild for repos.rcn-ee.com

 -- Robert Nelson <robertcnelson@gmail.com>  Thu, 27 Aug 2015 14:45:00 -0500

tiomapconf (1.72.0-git20150825-1~bpo1510+20150826+1) wily; urgency=low

  * Rebuild for repos.rcn-ee.com

 -- Robert Nelson <robertcnelson@gmail.com>  Wed, 26 Aug 2015 10:19:41 -0500

tiomapconf (1.71.0-git20150625-1~bpo1510+20150625+1) wily; urgency=low

  * Rebuild for repos.rcn-ee.com

 -- Robert Nelson <robertcnelson@gmail.com>  Thu, 25 Jun 2015 12:03:57 -0500

tiomapconf (1.71.0-git20150506-1~bpo1510+20150506+1) wily; urgency=low

  * Rebuild for repos.rcn-ee.net

 -- Robert Nelson <robertcnelson@gmail.com>  Wed, 06 May 2015 14:52:34 -0500

tiomapconf (1.71.0-git20150321-1~bpo1504+20150326+1) vivid; urgency=low

  * Rebuild for repos.rcn-ee.net

 -- Robert Nelson <robertcnelson@gmail.com>  Thu, 26 Mar 2015 19:44:04 -0500

tiomapconf (1.71.0-git20150203-1~20150211+1) trusty; urgency=low

  * Rebuild for repos.rcn-ee.net

 -- Robert Nelson <robertcnelson@gmail.com>  Wed, 11 Feb 2015 11:57:13 -0600

tiomapconf (1.71.0-git20141230-1~20141231+1) trusty; urgency=low

  * Rebuild for repos.rcn-ee.net

 -- Robert Nelson <robertcnelson@gmail.com>  Wed, 31 Dec 2014 17:08:41 -0600

tiomapconf (1.71.0-0) precise; urgency=low

  * Upstream Release: v1.71

 -- Nishanth Menon <nm@ti.com>  Wed, 31 Dec 2014 15:30:00 +0600
tiomapconf (1.65.1-1) precise; urgency=low

  * Upstream Release: v1.65

 -- Xavier Boudet <x-boudet@ti.com>  Mon, 11 Feb 2013 18:04:25 +0100

tiomapconf (1.64.1-1) precise; urgency=low

  * Upstream Release: v1.64

 -- Xavier Boudet <x-boudet@ti.com>  Tue, 29 Jan 2013 15:08:10 +0100

tiomapconf (1.63.1-1) precise; urgency=low

  * Upstream Release: v1.63

 -- Xavier Boudet <x-boudet@ti.com>  Mon, 21 Jan 2013 20:29:14 +0100

tiomapconf (1.61.1-1) precise; urgency=low

  * Upstream Release: v1.61(+)

 -- Vincent Stehlé <v-stehle@ti.com>  Fri, 14 Dec 2012 16:40:46 +0100

tiomapconf (1.60.0-1) precise; urgency=low

  * Upstream Release: v1.60

 -- Vincent Stehlé <v-stehle@ti.com>  Mon, 10 Dec 2012 10:53:35 +0100

tiomapconf (1.52.0-1) precise; urgency=low

  * Upstream Release: v1.52

 -- Xavier Boudet <x-boudet@ti.com>  Fri, 16 Nov 2012 17:01:09 +0100

tiomapconf (1.51.0-1) precise; urgency=low

  * Upstream Release: v1.51

 -- Xavier Boudet <x-boudet@ti.com>  Tue, 16 Oct 2012 10:46:06 +0200

tiomapconf (1.50.0-1) precise; urgency=low

  * Upstream Release: v1.50_public_release

 -- Xavier Boudet <x-boudet@ti.com>  Mon, 24 Sep 2012 21:27:08 +0200
